frame_number,track_id,car_bbox,car_bbox_score,license_plate_bbox,license_plate_bbox_score,license_plate_number,license_text_score
0,2.0,[0.256805419921875 368.2144470214844 288.8199768066406 804.2828369140625],0.8570149540901184,[0.0 172.64894104003906 161.57847595214844 243.886962890625],0.4300787150859833,WQF,0.4300787150859833
0,5.0,[155.01361083984375 175.82943725585938 1373.837158203125 1058.7515869140625],0.7630553841590881,[227.75872802734375 625.3971557617188 487.2390441894531 748.9049072265625],0.6306617259979248,E,0.6306617259979248
1,2.0,[0.2571960687637329 368.33905029296875 288.65045166015625 804.3145141601562],0.8545306921005249,[0.0 172.65460205078125 161.60227966308594 243.91058349609375],0.4293018579483032,WQF,0.4293018579483032
1,5.0,[156.67567443847656 176.2739715576172 1373.2216796875 1056.675537109375],0.7350949048995972,[221.78150939941406 621.4512939453125 485.72052001953125 748.8148803710938],0.6374616622924805,W,0.6374616622924805
2,2.0,[0.19841551780700684 368.3705749511719 287.16778564453125 803.088134765625],0.8540571331977844,[0.0 175.01931762695312 160.65167236328125 240.45318603515625],0.4054841101169586,AR,0.4054841101169586
2,5.0,[146.21896362304688 181.42141723632812 1370.8756103515625 1058.991455078125],0.7129431366920471,[221.86492919921875 589.6907958984375 510.5253601074219 752.4183349609375],0.2809160351753235,Z,0.2809160351753235
3,2.0,[0.27942487597465515 368.26983642578125 285.1187744140625 789.1165161132812],0.8556872010231018,[0.0 170.92579650878906 163.70826721191406 243.94808959960938],0.3233104944229126,WRK,0.3233104944229126
3,5.0,[121.41959381103516 171.3080596923828 1379.45263671875 1061.67724609375],0.7362034320831299,[256.22119140625 626.6406860351562 513.131103515625 753.256591796875],0.6686363816261292,M,0.6686363816261292
4,2.0,[0.30670273303985596 368.64691162109375 282.4537658691406 787.343505859375],0.8508278727531433,[6.549532413482666 174.273681640625 167.16934204101562 245.11219787597656],0.28445562720298767,MZF,0.28445562720298767
4,5.0,[108.86959838867188 175.852783203125 1381.5477294921875 1063.3253173828125],0.7409476041793823,[267.6117248535156 621.2933959960938 527.70458984375 754.0676879882812],0.7029120922088623,W,0.7029120922088623
5,5.0,[106.67560577392578 175.9947967529297 1376.761474609375 1063.833740234375],0.7809913754463196,[266.6458435058594 621.233642578125 526.5134887695312 754.5380249023438],0.70037841796875,W,0.70037841796875
6,5.0,[103.35417175292969 178.85386657714844 1373.568603515625 1064.2452392578125],0.8241318464279175,[265.8759765625 619.63671875 525.6782836914062 752.0806884765625],0.7117792367935181,E,0.7117792367935181
7,2.0,[0.1802724301815033 371.2519836425781 277.3679504394531 780.0355834960938],0.8354686498641968,[2.7487411499023438 168.4990234375 168.75291442871094 240.91412353515625],0.3041333854198456,NRK,0.3041333854198456
7,5.0,[101.80449676513672 179.45481872558594 1373.4100341796875 1063.911865234375],0.8341332674026489,[266.8982849121094 622.14453125 522.9307250976562 749.0859375],0.6938846707344055,W,0.6938846707344055
8,5.0,[101.31156158447266 180.3328399658203 1373.313232421875 1064.534912109375],0.7642879486083984,[243.6481475830078 595.1475830078125 546.2195434570312 756.3142700195312],0.26242491602897644,J,0.26242491602897644
9,2.0,[0.0 369.9173278808594 270.33404541015625 773.8844604492188],0.8374677300453186,[10.421616554260254 172.28150939941406 172.12252807617188 239.72207641601562],0.2922939360141754,WR,0.2922939360141754
9,5.0,[95.24951934814453 180.90484619140625 1371.592041015625 1063.6932373046875],0.7357382774353027,[269.65966796875 622.3139038085938 527.3133544921875 750.2432250976562],0.6759335398674011,G,0.6759335398674011
10,2.0,[0.0 368.4502258300781 266.0337829589844 780.002685546875],0.8211326003074646,[0.14890451729297638 175.38278198242188 88.6445541381836 234.8214569091797],0.35816720128059387,M,0.35816720128059387
10,5.0,[93.4979248046875 180.6013641357422 1367.1273193359375 1063.663818359375],0.779257595539093,[245.16427612304688 596.050048828125 546.1234130859375 759.2688598632812],0.2519070506095886,E,0.2519070506095886
11,5.0,[91.61930847167969 179.25265502929688 1361.166748046875 1063.604248046875],0.8339323401451111,[243.3061065673828 595.7947998046875 544.401123046875 759.721923828125],0.2520650625228882,Z,0.2520650625228882
12,1.0,[840.0725708007812 256.8905944824219 1917.28271484375 1068.3441162109375],0.9385090470314026,[0.0 783.5037841796875 210.81105041503906 812.0],0.3239540159702301,K,0.3239540159702301
12,2.0,[0.08118586987257004 366.7016296386719 260.5096130371094 781.1372680664062],0.8349227905273438,[4.997756004333496 176.03103637695312 107.28668975830078 234.68222045898438],0.2889188826084137,M,0.2889188826084137
12,5.0,[88.56171417236328 176.75970458984375 1359.094970703125 1062.8175048828125],0.8501358032226562,[246.89413452148438 595.9312133789062 549.1581420898438 764.0791625976562],0.26002293825149536,E,0.26002293825149536
13,2.0,[0.5393148064613342 365.90032958984375 259.7587585449219 780.6126098632812],0.8241422772407532,[13.027310371398926 175.61264038085938 173.87962341308594 243.80880737304688],0.2991279065608978,NZ,0.2991279065608978
13,5.0,[87.83590698242188 176.40171813964844 1359.73583984375 1062.0606689453125],0.8469998836517334,[247.4549560546875 596.5282592773438 549.8076782226562 765.046875],0.2539677917957306,Z,0.2539677917957306
14,5.0,[84.15453338623047 177.35635375976562 1355.6519775390625 1061.2591552734375],0.8352580666542053,[1027.72021484375 819.174072265625 1269.033203125 884.0],0.4723316431045532,N,0.4723316431045532
15,2.0,[0.0006629090057685971 365.9809265136719 256.0692443847656 790.7879638671875],0.824199378490448,[0.0 178.0220489501953 93.4046401977539 231.93545532226562],0.39443400502204895,R,0.39443400502204895
15,5.0,[83.630859375 175.99996948242188 1353.966552734375 1058.8631591796875],0.8538359999656677,[1007.9280395507812 817.687255859375 1265.6478271484375 883.0],0.5234946012496948,GN,0.5234946012496948
16,2.0,[0.0 365.9321594238281 253.94149780273438 788.7300415039062],0.825551450252533,[0.0 168.32444763183594 152.41952514648438 244.99530029296875],0.3950842022895813,NMWN,0.3950842022895813
16,5.0,[81.50425720214844 177.10496520996094 1354.48193359375 1057.8336181640625],0.8653709888458252,[989.487060546875 817.991943359375 1265.505859375 880.0],0.5379318594932556,GM,0.5379318594932556
17,2.0,[0.0 365.60498046875 251.01634216308594 784.82861328125],0.8193297982215881,[0.0 173.4165496826172 157.99661254882812 244.4271240234375],0.48829787969589233,WMF,0.48829787969589233
17,5.0,[79.92557525634766 178.6395721435547 1353.105224609375 1057.4405517578125],0.8715022206306458,[989.3438110351562 816.6140747070312 1267.08935546875 879.0],0.5530100464820862,FN,0.5530100464820862
18,2.0,[0.0 365.0458068847656 247.25901794433594 778.0955810546875],0.8162669539451599,[0.0 171.90806579589844 156.74745178222656 243.36973571777344],0.3058500587940216,HMK,0.3058500587940216
18,5.0,[78.98535919189453 178.85044860839844 1352.5992431640625 1057.5240478515625],0.8711137175559998,[988.4315185546875 814.7257080078125 1266.5626220703125 879.0],0.547821581363678,GM,0.547821581363678
19,2.0,[0.21004606783390045 365.0085754394531 246.33218383789062 775.468994140625],0.8170673847198486,[0.0 173.32852172851562 150.73001098632812 241.18179321289062],0.38026949763298035,EMN,0.38026949763298035
19,5.0,[79.23118591308594 178.89344787597656 1352.8214111328125 1057.6658935546875],0.8711656332015991,[987.4251708984375 814.016845703125 1265.5166015625 879.0],0.5490829944610596,GM,0.5490829944610596
20,2.0,[0.036287106573581696 364.6404724121094 243.55093383789062 767.4636840820312],0.8149812817573547,[0.0 177.93019104003906 101.68250274658203 230.88111877441406],0.3916723430156708,R,0.3916723430156708
20,5.0,[77.85594177246094 176.7616729736328 1354.5860595703125 1056.7462158203125],0.8703609108924866,[983.0868530273438 816.3200073242188 1266.88525390625 880.0],0.5533539056777954,GP,0.5533539056777954
21,2.0,[0.004374478477984667 365.7374267578125 240.1568145751953 766.107177734375],0.8074474334716797,[0.0 171.66751098632812 146.89173889160156 239.22705078125],0.5196869373321533,NMM,0.5196869373321533
21,5.0,[77.38336181640625 177.62709045410156 1352.3270263671875 1056.2802734375],0.8678990602493286,[972.9977416992188 815.759521484375 1265.2325439453125 879.0],0.4930981695652008,GP,0.4930981695652008
22,2.0,[0.013490850105881691 366.60931396484375 237.57952880859375 765.5131225585938],0.7978384494781494,[6.192546844482422 175.15579223632812 131.85711669921875 230.5526885986328],0.3708396553993225,R,0.3708396553993225
22,5.0,[76.33528900146484 176.89065551757812 1344.481201171875 1055.1142578125],0.8473426103591919,[960.355224609375 815.7852783203125 1256.250244140625 879.0],0.5282567143440247,GK,0.5282567143440247
23,2.0,[0.0 366.70684814453125 234.3108367919922 767.7130126953125],0.7801504135131836,[5.765587329864502 175.81759643554688 109.9564437866211 229.43006896972656],0.402310311794281,M,0.402310311794281
23,5.0,[75.81627655029297 175.05210876464844 1341.0452880859375 1053.0433349609375],0.8294441103935242,[938.6712036132812 814.6458129882812 1260.8280029296875 878.0],0.44771161675453186,EN,0.44771161675453186
24,2.0,[0.0 366.8912658691406 232.34486389160156 770.4195556640625],0.7670050859451294,[7.992070198059082 176.46400451660156 115.84772491455078 228.60678100585938],0.34613004326820374,M,0.34613004326820374
24,5.0,[73.63914489746094 174.75466918945312 1338.0318603515625 1052.695068359375],0.8211559653282166,[923.162353515625 798.2515869140625 1265.0 878.0],0.27463963627815247,BD,0.27463963627815247
25,2.0,[0.19821815192699432 367.0653076171875 232.10731506347656 771.501953125],0.7702727913856506,[8.390300750732422 175.2910614013672 115.08353424072266 227.75103759765625],0.30262336134910583,R,0.30262336134910583
25,5.0,[73.25289916992188 174.43060302734375 1337.56396484375 1052.645751953125],0.8233415484428406,[922.8252563476562 797.4639892578125 1264.0 878.0],0.27533137798309326,BD,0.27533137798309326
26,2.0,[0.0 367.8519287109375 229.0712127685547 773.5514526367188],0.7470958828926086,[9.94596004486084 175.14112854003906 116.51798248291016 227.80905151367188],0.39844611287117004,M,0.39844611287117004
26,5.0,[72.94155883789062 176.4612274169922 1334.858154296875 1052.37841796875],0.8258023262023926,[919.0692749023438 796.3833618164062 1258.6539306640625 876.0],0.2833153307437897,KD,0.2833153307437897
27,2.0,[0.0 368.51324462890625 225.73512268066406 786.2855834960938],0.7584674954414368,[2.744926691055298 172.3423614501953 117.0207748413086 228.4169158935547],0.5339757204055786,R,0.5339757204055786
27,5.0,[70.69650268554688 175.1648712158203 1330.8411865234375 1053.2442626953125],0.8552466630935669,[933.2662963867188 816.2147216796875 1242.8843994140625 877.6470336914062],0.4818807542324066,EU,0.4818807542324066
28,2.0,[0.0 368.60296630859375 222.46263122558594 783.2213134765625],0.7252883315086365,[2.324108600616455 171.974609375 128.51589965820312 228.26205444335938],0.48932766914367676,FQ,0.48932766914367676
28,5.0,[67.76993560791016 176.91978454589844 1327.046142578125 1053.1734619140625],0.8375697731971741,[928.938720703125 815.8558959960938 1244.1156005859375 877.0],0.46639159321784973,ED,0.46639159321784973
29,2.0,[0.0 369.6331787109375 221.14080810546875 775.2767333984375],0.7478650808334351,[4.235684394836426 170.5410614013672 113.18992614746094 226.61000061035156],0.5636666417121887,FM,0.5636666417121887
29,5.0,[64.69940948486328 178.38059997558594 1324.218994140625 1053.9993896484375],0.7929009795188904,[925.8292236328125 754.2554931640625 1256.9871826171875 875.0],0.27305930852890015,EN,0.27305930852890015
30,2.0,[0.0 369.60162353515625 218.1546173095703 769.60595703125],0.7468995451927185,[32.124794006347656 172.15235900878906 110.89131164550781 219.95387268066406],0.2947911322116852,M,0.2947911322116852
30,5.0,[51.80908203125 177.47886657714844 1326.5489501953125 1058.2764892578125],0.7812402248382568,[929.2583618164062 822.7688598632812 1266.023193359375 881.0],0.39402613043785095,CN,0.39402613043785095
31,2.0,[0.20831087231636047 369.8009338378906 217.59132385253906 767.4890747070312],0.7466048002243042,[24.08948516845703 170.80850219726562 107.08293151855469 219.32119750976562],0.2946566045284271,M,0.2946566045284271
31,5.0,[47.310585021972656 177.1058807373047 1328.65966796875 1059.84423828125],0.7775523662567139,[255.750244140625 604.9940185546875 541.8856811523438 764.1111450195312],0.2519242465496063,Z,0.2519242465496063
32,2.0,[0.0 368.9665832519531 214.77394104003906 765.37109375],0.7994676828384399,[12.08652400970459 171.16372680664062 118.45610046386719 225.2769012451172],0.5280372500419617,M,0.5280372500419617
32,5.0,[44.872886657714844 176.96141052246094 1325.7303466796875 1058.8099365234375],0.7953728437423706,[924.3218994140625 825.61962890625 1275.31591796875 882.0],0.3174172043800354,KD,0.3174172043800354
33,2.0,[0.0 368.49169921875 213.33900451660156 781.2478637695312],0.8097644448280334,[20.491596221923828 171.61598205566406 118.04124450683594 223.20367431640625],0.4082103967666626,M,0.4082103967666626
33,5.0,[42.074554443359375 174.4864501953125 1322.5186767578125 1057.17724609375],0.7753422856330872,[919.7454833984375 825.84423828125 1259.7271728515625 883.0],0.3647254407405853,EN,0.3647254407405853
34,2.0,[0.0 367.69354248046875 210.53109741210938 785.787353515625],0.8089810013771057,[21.28036880493164 172.20001220703125 117.1797103881836 223.4796905517578],0.5172461867332458,M,0.5172461867332458
34,5.0,[38.170467376708984 172.49118041992188 1321.3466796875 1055.884765625],0.8050494194030762,[916.2537231445312 828.6649780273438 1239.5977783203125 883.0],0.3738095462322235,EN,0.3738095462322235
35,2.0,[0.0 368.6394348144531 207.70849609375 798.6484985351562],0.7590091228485107,[18.61049461364746 169.53318786621094 118.93344116210938 223.3176727294922],0.5571683049201965,M,0.5571683049201965
35,5.0,[35.8134651184082 167.64015197753906 1318.282958984375 1055.7254638671875],0.82673579454422,[915.7102661132812 816.6790771484375 1260.1005859375 888.0],0.2762224078178406,RN,0.2762224078178406
36,2.0,[0.0 369.1701965332031 203.6583709716797 804.97119140625],0.7518251538276672,[46.051239013671875 172.341064453125 115.2855224609375 217.03860473632812],0.3486887216567993,M,0.3486887216567993
36,5.0,[32.79130172729492 168.26712036132812 1316.8330078125 1053.2222900390625],0.8047888278961182,[907.2587280273438 814.3512573242188 1270.8228759765625 885.0],0.267998605966568,RMI,0.267998605966568
37,2.0,[0.2404482364654541 369.4393310546875 202.56307983398438 807.580810546875],0.7464796900749207,[26.183128356933594 169.97677612304688 116.89202117919922 221.52947998046875],0.4390965700149536,M,0.4390965700149536
37,5.0,[32.331825256347656 168.64772033691406 1317.480712890625 1051.9681396484375],0.8077709078788757,[905.6129760742188 813.218505859375 1272.3607177734375 883.0],0.27621036767959595,RN,0.27621036767959595
38,2.0,[0.05071338638663292 368.50970458984375 200.2335662841797 809.3466796875],0.738791286945343,[21.03050422668457 170.61106872558594 114.75639343261719 223.34922790527344],0.45717474818229675,M,0.45717474818229675
38,5.0,[32.32221221923828 168.0498046875 1316.5621337890625 1053.1455078125],0.8020857572555542,[903.3680419921875 828.7155151367188 1235.9801025390625 885.0],0.36346572637557983,FN,0.36346572637557983
39,2.0,[0.0 369.28460693359375 196.2628631591797 809.389404296875],0.7451925277709961,[29.352827072143555 168.1823272705078 110.77601623535156 219.86807250976562],0.47006699442863464,M,0.47006699442863464
39,5.0,[29.79180335998535 165.15428161621094 1317.713623046875 1052.539306640625],0.801582932472229,[887.7777099609375 830.5429077148438 1228.1038818359375 887.0],0.29041510820388794,RN,0.29041510820388794
40,2.0,[0.0 370.1305847167969 193.1927947998047 809.1436157226562],0.7655124664306641,[41.20429229736328 168.15298461914062 109.0987548828125 216.8755645751953],0.2782793343067169,M,0.2782793343067169
40,5.0,[27.000497817993164 166.05958557128906 1313.15087890625 1051.1981201171875],0.8245974183082581,[265.39056396484375 643.0758056640625 521.569580078125 769.1578369140625],0.5480584502220154,E,0.5480584502220154
41,1.0,[651.0319213867188 246.7803497314453 1918.3828125 1067.3643798828125],0.9171019792556763,[277.94683837890625 759.8125 592.172607421875 819.2755126953125],0.31368064880371094,EN,0.31368064880371094
41,2.0,[0.0 369.0444030761719 190.67124938964844 808.8414916992188],0.7718170881271362,[21.598772048950195 168.1833038330078 112.40181732177734 222.09075927734375],0.3857840597629547,M,0.3857840597629547
41,5.0,[23.89540672302246 168.71044921875 1306.0184326171875 1050.388916015625],0.8175995945930481,[885.9864501953125 827.8319702148438 1204.0001220703125 882.0],0.42128831148147583,R,0.42128831148147583
42,1.0,[647.2911376953125 245.51959228515625 1918.5093994140625 1067.0726318359375],0.9214012026786804,[268.6361083984375 761.8135986328125 600.7945556640625 821.6539916992188],0.25047361850738525,EN,0.25047361850738525
42,2.0,[0.0 370.7550048828125 188.8048553466797 808.994873046875],0.8037818074226379,[19.703203201293945 164.27731323242188 110.59322357177734 225.2820587158203],0.34745973348617554,FM,0.34745973348617554
42,5.0,[20.522253036499023 168.00428771972656 1303.40673828125 1048.614990234375],0.7870790362358093,[251.66995239257812 639.0465087890625 519.9597778320312 767.034912109375],0.45144468545913696,W,0.45144468545913696
43,1.0,[646.5615234375 245.08486938476562 1919.3316650390625 1067.0084228515625],0.9169798493385315,[270.55718994140625 764.2067260742188 600.00634765625 822.0],0.2813590168952942,EN,0.2813590168952942
43,2.0,[0.21633587777614594 371.5368347167969 188.58538818359375 809.064697265625],0.8048185706138611,[34.78448486328125 166.59576416015625 105.0843276977539 216.1442413330078],0.2980010211467743,M,0.2980010211467743
43,5.0,[19.739757537841797 167.93760681152344 1303.392333984375 1047.564697265625],0.7872224450111389,[247.575927734375 636.5665283203125 521.5880126953125 766.0007934570312],0.448938250541687,W,0.448938250541687
44,2.0,[0.0 370.8026428222656 187.46450805664062 811.63427734375],0.7554069757461548,[40.72547912597656 166.1149444580078 108.35259246826172 217.26480102539062],0.3172989785671234,M,0.3172989785671234
44,5.0,[18.19674301147461 167.5306854248047 1298.25537109375 1048.2662353515625],0.7975949645042419,[251.7169189453125 635.7816162109375 520.9195556640625 767.7076416015625],0.4763980209827423,W,0.4763980209827423
45,5.0,[14.86806583404541 165.41664123535156 1293.478759765625 1046.30078125],0.8094785809516907,[256.57177734375 637.5198364257812 522.280517578125 770.1986694335938],0.4463954567909241,M,0.4463954567909241
46,2.0,[0.0 374.0430603027344 178.7500762939453 813.419921875],0.7150436639785767,[33.63042449951172 162.31979370117188 99.63246154785156 213.50950622558594],0.2523995339870453,K,0.2523995339870453
46,5.0,[11.257678031921387 166.36032104492188 1292.6746826171875 1046.663330078125],0.8270551562309265,[263.2784729003906 641.7014770507812 519.097900390625 771.70361328125],0.49069732427597046,M,0.49069732427597046
47,5.0,[9.358209609985352 166.4471893310547 1284.7298583984375 1051.1070556640625],0.77923983335495,[240.25009155273438 643.4541625976562 518.6944580078125 769.4786987304688],0.3280029892921448,G,0.3280029892921448
48,5.0,[7.8083086013793945 165.25991821289062 1277.8419189453125 1051.08056640625],0.8042517304420471,[32.81791687011719 661.8001098632812 343.6524658203125 807.2955932617188],0.32140976190567017,D,0.32140976190567017
49,5.0,[7.742865562438965 164.74002075195312 1275.932861328125 1051.3057861328125],0.8039764165878296,[24.145397186279297 613.3433227539062 538.4454956054688 837.509033203125],0.34454670548439026,W,0.34454670548439026
50,5.0,[4.185168743133545 163.72857666015625 1273.5440673828125 1052.4814453125],0.8021866083145142,[137.1908721923828 630.1438598632812 547.775390625 795.2468872070312],0.2724111080169678,G,0.2724111080169678
51,5.0,[3.302164316177368 162.62191772460938 1273.7474365234375 1052.91259765625],0.8001112341880798,[29.14954948425293 622.5218505859375 529.2313232421875 832.0582275390625],0.324158638715744,W,0.324158638715744
52,5.0,[2.618657112121582 162.97601318359375 1270.177490234375 1051.8653564453125],0.8076426386833191,[19.947755813598633 614.7111206054688 529.7608642578125 824.5081787109375],0.3382379710674286,W,0.3382379710674286
53,5.0,[2.144785165786743 165.10269165039062 1275.06005859375 1048.6356201171875],0.8033501505851746,[208.46824645996094 643.8950805664062 515.534423828125 777.146484375],0.28993070125579834,G,0.28993070125579834
54,5.0,[2.0363235473632812 167.52439880371094 1276.4261474609375 1048.7076416015625],0.8036914467811584,[216.2751922607422 638.814453125 508.31988525390625 774.8193969726562],0.304759681224823,Z,0.304759681224823
55,5.0,[2.5884242057800293 168.33802795410156 1277.5859375 1048.24609375],0.8045806884765625,[218.75918579101562 639.8282470703125 507.9590148925781 775.4552612304688],0.3100804388523102,G,0.3100804388523102
56,5.0,[1.6481446027755737 167.12496948242188 1251.6495361328125 1052.05126953125],0.8256778717041016,[32.64182662963867 623.9329223632812 516.93505859375 820.66259765625],0.2670518159866333,G,0.2670518159866333
57,5.0,[0.9472596049308777 166.50416564941406 1238.8482666015625 1052.7763671875],0.8280900716781616,[221.71453857421875 630.5451049804688 535.6904907226562 782.9957885742188],0.27446457743644714,W,0.27446457743644714
58,5.0,[0.0 165.55555725097656 1223.7996826171875 1054.36181640625],0.8419961333274841,[19.92074203491211 618.4683227539062 515.7265014648438 823.6517944335938],0.26634979248046875,G,0.26634979248046875
59,5.0,[0.0 161.5735626220703 1219.7462158203125 1058.58203125],0.8378927111625671,[220.12342834472656 653.86083984375 495.24859619140625 780.4644775390625],0.288326233625412,G,0.288326233625412
60,5.0,[0.0 157.61041259765625 1223.253173828125 1057.8048095703125],0.8472785949707031,[229.5783233642578 657.4126586914062 494.9435119628906 781.1563720703125],0.30494916439056396,W,0.30494916439056396
61,5.0,[0.3228866159915924 157.3788299560547 1225.05029296875 1057.1995849609375],0.8488390445709229,[191.60487365722656 645.8605346679688 518.2890014648438 798.6068115234375],0.2615533173084259,E,0.2615533173084259
62,5.0,[0.12734180688858032 156.2798309326172 1217.383544921875 1059.6968994140625],0.8387967348098755,[157.00135803222656 645.5072631835938 519.0336303710938 801.5880737304688],0.290362685918808,W,0.290362685918808
63,5.0,[0.17339371144771576 158.60208129882812 1218.8438720703125 1057.2510986328125],0.8505258560180664,[161.00228881835938 642.815673828125 512.8677368164062 799.622314453125],0.3471047878265381,FW,0.3471047878265381
64,5.0,[0.29944908618927 159.19627380371094 1214.626708984375 1055.1221923828125],0.8396769762039185,[36.01155090332031 644.4038696289062 500.90234375 826.1658935546875],0.41458413004875183,G,0.41458413004875183
65,1.0,[487.3974304199219 210.79412841796875 1918.0592041015625 1065.3330078125],0.8723103404045105,[1063.0928955078125 772.2874145507812 1423.0675048828125 854.6024780273438],0.2566917836666107,W,0.2566917836666107
65,5.0,[0.7151538729667664 159.53305053710938 1212.796142578125 1052.834228515625],0.8408534526824951,[38.89723587036133 642.2266235351562 490.7350158691406 826.0093994140625],0.47607558965682983,J,0.47607558965682983
66,1.0,[480.3601379394531 206.94322204589844 1918.3572998046875 1065.8701171875],0.8689319491386414,[1044.6727294921875 778.225830078125 1428.41650390625 858.7843017578125],0.26291602849960327,W,0.26291602849960327
66,5.0,[1.2107324600219727 158.62149047851562 1203.154052734375 1048.99658203125],0.8305201530456543,[40.24448013305664 675.4400024414062 359.92633056640625 811.2931518554688],0.2927913963794708,B,0.2927913963794708
67,5.0,[1.821144461631775 157.97251892089844 1200.220458984375 1047.7081298828125],0.8300269842147827,[38.19164276123047 642.630615234375 489.5598449707031 826.2686157226562],0.4367310702800751,W,0.4367310702800751
68,5.0,[1.6023796796798706 159.03369140625 1204.5726318359375 1049.60595703125],0.8126114010810852,[25.636899948120117 618.6901245117188 502.1854553222656 826.0401611328125],0.44898858666419983,Z,0.44898858666419983
69,5.0,[1.874098300933838 153.41207885742188 1196.5086669921875 1046.9801025390625],0.7721573710441589,[141.99673461914062 836.1480712890625 441.1639099121094 891.7698974609375],0.31909680366516113,T,0.31909680366516113
70,5.0,[2.1410257816314697 142.8232421875 1190.9229736328125 1042.2210693359375],0.7697360515594482,[24.62911605834961 648.411865234375 487.9251708984375 840.9952392578125],0.49425217509269714,G,0.49425217509269714
71,5.0,[2.432687282562256 136.40232849121094 1172.4552001953125 1043.4432373046875],0.7967277765274048,[41.0229606628418 692.395751953125 396.4988708496094 839.6590576171875],0.35318881273269653,B,0.35318881273269653
72,5.0,[2.124324083328247 142.0320587158203 1150.3385009765625 1044.99072265625],0.7635679841041565,[129.4732208251953 856.5181274414062 436.7359313964844 902.0],0.26132911443710327,M,0.26132911443710327
73,5.0,[2.4534873962402344 144.7207489013672 1144.33642578125 1045.5693359375],0.7628797888755798,[138.0493621826172 660.7766723632812 490.6698913574219 823.807373046875],0.2863313853740692,G,0.2863313853740692
74,5.0,[2.459798574447632 152.950439453125 1172.745361328125 1042.558837890625],0.7488124966621399,[26.32076072692871 640.4451293945312 477.533203125 833.3444213867188],0.5904432535171509,G,0.5904432535171509
75,5.0,[2.2166872024536133 159.4811248779297 1205.439453125 1031.8529052734375],0.7267227172851562,[142.6570281982422 827.174072265625 439.3160095214844 872.0],0.30588144063949585,Z,0.30588144063949585
76,5.0,[2.6230263710021973 159.7678680419922 1213.30908203125 1036.2841796875],0.7473661303520203,[38.14202880859375 664.6180419921875 370.17413330078125 809.1278076171875],0.28068456053733826,G,0.28068456053733826
77,5.0,[2.4496004581451416 160.4285125732422 1225.548828125 1031.2264404296875],0.6885528564453125,[28.119192123413086 633.8310546875 477.52520751953125 831.730224609375],0.5461081862449646,G,0.5461081862449646
78,5.0,[1.135358452796936 161.40179443359375 1102.4775390625 1043.8167724609375],0.6444075703620911,[26.886655807495117 626.6085205078125 476.845458984375 822.3428344726562],0.47426706552505493,J,0.47426706552505493
79,5.0,[2.6319527626037598 160.70855712890625 1176.4859619140625 1035.3253173828125],0.6416428089141846,[107.70951080322266 821.4892578125 409.1877746582031 875.0],0.3166990578174591,M,0.3166990578174591
80,5.0,[2.6435768604278564 156.86322021484375 1209.2918701171875 1033.6851806640625],0.7162222862243652,[160.6874542236328 646.9696044921875 470.4971923828125 806.5447387695312],0.47932443022727966,E,0.47932443022727966
81,5.0,[1.7566895484924316 158.23561096191406 1222.318603515625 1030.3204345703125],0.722759485244751,[134.06651306152344 643.7376098632812 468.9445495605469 809.8466796875],0.2543717622756958,FE,0.2543717622756958
82,5.0,[2.53193736076355 156.94515991210938 1173.512451171875 1041.853271484375],0.6674747467041016,[39.27122116088867 665.9121704101562 385.89599609375 815.119873046875],0.33196842670440674,W,0.33196842670440674
83,5.0,[2.9671247005462646 151.62550354003906 1109.3260498046875 1045.5977783203125],0.6331930160522461,[40.56692123413086 671.40185546875 374.4393005371094 823.9808959960938],0.3501911759376526,W,0.3501911759376526
84,5.0,[0.9993501305580139 156.4983367919922 1021.9535522460938 1051.5960693359375],0.6350849866867065,[32.644351959228516 648.56494140625 433.3765869140625 816.2032470703125],0.3833318054676056,W,0.3833318054676056
85,5.0,[0.6886953115463257 158.2721710205078 992.9481201171875 1053.6697998046875],0.6471763253211975,[41.89611053466797 658.4832153320312 381.6826477050781 814.76171875],0.4593062698841095,W,0.4593062698841095
86,5.0,[0.45109573006629944 152.02549743652344 995.5633544921875 1052.1856689453125],0.7619057893753052,[158.908447265625 658.6426391601562 451.04205322265625 812.7041625976562],0.26847928762435913,Z,0.26847928762435913
87,5.0,[0.3725912570953369 146.69496154785156 996.6114501953125 1050.1956787109375],0.8264250159263611,[156.63133239746094 660.8665771484375 445.5625 816.5665893554688],0.3099292516708374,E,0.3099292516708374
88,5.0,[0.4754331409931183 146.5062255859375 993.2749633789062 1050.510009765625],0.7986383438110352,[78.38615417480469 658.5679931640625 440.89215087890625 820.1575927734375],0.4571682810783386,FW,0.4571682810783386
89,5.0,[0.06413016468286514 138.23826599121094 981.3380737304688 1042.70166015625],0.7756361961364746,[33.36301040649414 666.9129638671875 413.91497802734375 832.5592651367188],0.36189866065979004,G,0.36189866065979004
90,5.0,[0.2098408341407776 148.60986328125 971.6565551757812 1052.37841796875],0.7514176964759827,[168.67822265625 667.588623046875 415.7470703125 817.5443115234375],0.34121888875961304,FG,0.34121888875961304
91,1.0,[318.11480712890625 167.01162719726562 1905.7415771484375 1067.9141845703125],0.7776079177856445,[0.0 631.9861450195312 130.1895751953125 796.2687377929688],0.25245097279548645,AE,0.25245097279548645
92,5.0,[0.1381378322839737 153.88314819335938 991.5197143554688 1056.13330078125],0.5977250337600708,[39.68995666503906 660.7485961914062 376.7136535644531 819.8734130859375],0.5028433203697205,Q,0.5028433203697205
93,1.0,[312.7402038574219 176.0805206298828 1906.42041015625 1068.5723876953125],0.7301694750785828,[0.0 627.6525268554688 97.45219421386719 791.624267578125],0.2584180533885956,E0,0.2584180533885956
94,1.0,[299.95330810546875 184.24667358398438 1902.8204345703125 1068.273681640625],0.7764202356338501,[0.0 626.4140014648438 110.96492767333984 772.253662109375],0.2620648443698883,E,0.2620648443698883
94,5.0,[0.0 139.4246063232422 953.0005493164062 1044.4224853515625],0.6741357445716858,[36.259315490722656 670.5206909179688 366.0615539550781 843.7958374023438],0.3077109754085541,G,0.3077109754085541
95,1.0,[290.1183776855469 189.23245239257812 1901.1060791015625 1068.0374755859375],0.7068331241607666,[1.319299578666687 621.685546875 95.74858856201172 771.5144653320312],0.2807093560695648,E,0.2807093560695648
95,5.0,[0.0 137.76231384277344 947.2599487304688 1047.10302734375],0.7020419239997864,[41.6796989440918 683.5497436523438 340.7460021972656 838.3699340820312],0.2827114760875702,W,0.2827114760875702
96,1.0,[290.4031677246094 193.5409393310547 1896.251708984375 1067.25],0.7541625499725342,[1.6420964002609253 617.1156005859375 82.69912719726562 763.3776245117188],0.28777074813842773,D,0.28777074813842773
96,5.0,[0.0 140.02857971191406 946.8507080078125 1049.6226806640625],0.6722574830055237,[47.1414680480957 702.0995483398438 286.94537353515625 816.9110107421875],0.3126065135002136,Q,0.3126065135002136
97,1.0,[290.81536865234375 194.82508850097656 1894.6458740234375 1066.868896484375],0.7450335025787354,[1.674163579940796 615.8173828125 83.57783508300781 764.4127807617188],0.28315067291259766,D,0.28315067291259766
98,1.0,[281.8574523925781 182.26351928710938 1889.92529296875 1066.2242431640625],0.7282814383506775,[0.0 626.8229370117188 118.43838500976562 775.2377319335938],0.37107864022254944,W,0.37107864022254944
98,5.0,[0.1015777438879013 149.6032257080078 1096.507080078125 1045.0850830078125],0.7258657813072205,[173.4120330810547 671.68115234375 355.20440673828125 810.5189208984375],0.35231494903564453,B,0.35231494903564453
99,1.0,[274.25238037109375 178.9829559326172 1890.2098388671875 1067.0972900390625],0.6840641498565674,[0.0 630.1163330078125 119.98106384277344 774.8056030273438],0.3821040093898773,W,0.3821040093898773
99,5.0,[0.5762249827384949 150.55499267578125 1043.664306640625 1045.8927001953125],0.5478092432022095,[46.08659362792969 688.4778442382812 353.8992919921875 820.9434814453125],0.4319543242454529,Q,0.4319543242454529
100,1.0,[266.92437744140625 177.1361083984375 1894.785400390625 1067.1214599609375],0.6625625491142273,[0.0 608.64794921875 133.5767059326172 787.4446411132812],0.2819688320159912,G,0.2819688320159912
101,1.0,[260.3218078613281 167.82119750976562 1891.2861328125 1066.0418701171875],0.6664783358573914,[0.0 633.42138671875 113.29228973388672 789.9894409179688],0.39450567960739136,FG,0.39450567960739136
102,1.0,[256.5581359863281 161.35275268554688 1890.0421142578125 1065.1065673828125],0.563528299331665,[1287.264404296875 0.0 1629.2840576171875 93.38131713867188],0.2677881419658661,NW,0.2677881419658661
102,5.0,[0.451129674911499 156.9592742919922 923.6402587890625 1051.1478271484375],0.5144084095954895,[48.30493927001953 686.563720703125 295.9115295410156 800.9049682617188],0.37284573912620544,B,0.37284573912620544
103,1.0,[255.9651336669922 159.1884307861328 1889.2982177734375 1064.8463134765625],0.5746875405311584,[0.42305999994277954 642.121337890625 114.599609375 801.8423461914062],0.25392669439315796,W,0.25392669439315796
104,1.0,[88.60930633544922 146.15249633789062 1885.4490966796875 1052.4033203125],0.5464351773262024,[7.0592474937438965 652.5048217773438 273.0601501464844 819.4547119140625],0.5980367064476013,G,0.5980367064476013
105,1.0,[27.029184341430664 144.65455627441406 1886.393310546875 1048.3076171875],0.5886496901512146,[24.44159507751465 670.4739990234375 329.8422546386719 825.91943359375],0.6154277920722961,G,0.6154277920722961
106,1.0,[2.9944941997528076 148.2934112548828 1885.722900390625 1047.2275390625],0.6307586431503296,[55.39306640625 660.1068115234375 356.40887451171875 824.5370483398438],0.6355288028717041,K,0.6355288028717041
107,1.0,[110.3134994506836 163.98977661132812 1865.693359375 1059.0867919921875],0.7395631074905396,[0.0 631.5402221679688 252.8949737548828 800.3203125],0.6259749531745911,G,0.6259749531745911
108,1.0,[148.5491180419922 171.16323852539062 1859.6466064453125 1063.6566162109375],0.7320055365562439,[1.1278972625732422 633.6359252929688 213.97640991210938 790.1397094726562],0.5787797570228577,E,0.5787797570228577
109,1.0,[162.2142791748047 173.94989013671875 1858.2252197265625 1065.386474609375],0.7342539429664612,[1.3072487115859985 625.210205078125 200.08154296875 787.588134765625],0.6017670035362244,FG,0.6017670035362244
110,1.0,[170.6289520263672 175.6217041015625 1864.285888671875 1065.751708984375],0.7382955551147461,[0.0 630.1693115234375 187.60986328125 780.0932006835938],0.5915746688842773,FM,0.5915746688842773
111,1.0,[125.21085357666016 184.16090393066406 1884.1990966796875 1065.272705078125],0.7144132852554321,[4.831950664520264 629.3667602539062 232.0166778564453 776.8720092773438],0.5995879769325256,B,0.5995879769325256
112,1.0,[149.0979766845703 176.24313354492188 1885.3131103515625 1064.949951171875],0.6974493265151978,[0.5749824047088623 632.9600219726562 212.4220733642578 784.6832275390625],0.4844461679458618,B,0.4844461679458618
113,1.0,[147.9925537109375 173.26727294921875 1858.409423828125 1065.0589599609375],0.7101220488548279,[0.0 629.3256225585938 214.5493927001953 792.1705322265625],0.5076584815979004,E,0.5076584815979004
114,1.0,[150.2347412109375 173.65476989746094 1856.2862548828125 1064.801513671875],0.6797181367874146,[0.0 629.7265014648438 212.90516662597656 789.6033325195312],0.5506036281585693,G,0.5506036281585693
115,1.0,[151.7156219482422 174.22360229492188 1856.0694580078125 1064.764892578125],0.6771014928817749,[0.0 631.1686401367188 211.4273223876953 790.1023559570312],0.5388109087944031,G,0.5388109087944031
116,1.0,[152.4589385986328 174.8002471923828 1852.2440185546875 1064.666259765625],0.6115819811820984,[0.03193855285644531 629.3120727539062 208.4305419921875 789.310546875],0.5343376398086548,B,0.5343376398086548
117,1.0,[99.17454528808594 186.56297302246094 1883.978271484375 1063.094970703125],0.6595032215118408,[1.4177603721618652 633.5464477539062 259.7877197265625 780.6488037109375],0.5784657001495361,B,0.5784657001495361
117,5.0,[1.5970203876495361 143.78131103515625 999.0033569335938 1052.0556640625],0.6342834830284119,[38.11314010620117 651.6888427734375 364.052490234375 828.9937133789062],0.4280323088169098,E,0.4280323088169098
118,1.0,[60.62642288208008 189.65232849121094 1889.533935546875 1061.38671875],0.6639252305030823,[0.0 608.423583984375 306.17437744140625 814.1585083007812],0.25595495104789734,Q,0.25595495104789734
118,5.0,[1.4465550184249878 137.27813720703125 990.29248046875 1049.9510498046875],0.6606519222259521,[42.92225646972656 677.7255249023438 364.76885986328125 830.09619140625],0.36872950196266174,B,0.36872950196266174
119,1.0,[42.68559646606445 198.13404846191406 1901.81640625 1061.3433837890625],0.6183866858482361,[7.652461528778076 620.71240234375 320.12542724609375 771.7864990234375],0.6037451028823853,B,0.6037451028823853
119,5.0,[1.3218709230422974 131.5544891357422 979.7150268554688 1048.433837890625],0.684980571269989,[31.53908920288086 655.9550170898438 374.2978820800781 843.3245849609375],0.3318660259246826,E,0.3318660259246826
120,1.0,[16.490964889526367 199.31321716308594 1905.63671875 1060.64599609375],0.6851906776428223,[35.367881774902344 631.9569702148438 286.96630859375 764.2685546875],0.26159465312957764,Q,0.26159465312957764
120,5.0,[1.5263042449951172 130.21438598632812 1004.8554077148438 1047.20263671875],0.6551602482795715,[35.82289505004883 682.7133178710938 337.0069885253906 837.661376953125],0.5526121854782104,BI,0.5526121854782104
121,1.0,[6.980186939239502 199.44065856933594 1907.3619384765625 1060.5484619140625],0.689346432685852,[48.171810150146484 622.7669677734375 354.80047607421875 772.0277099609375],0.6034661531448364,D,0.6034661531448364
121,5.0,[1.970117211341858 129.97482299804688 1018.7888793945312 1046.90576171875],0.651538074016571,[40.55259323120117 683.21142578125 359.7523498535156 834.1370849609375],0.3162078261375427,G,0.3162078261375427
122,1.0,[2.4054622650146484 197.6256103515625 1908.7821044921875 1059.7213134765625],0.709324061870575,[48.37671661376953 623.5401000976562 356.7705993652344 771.6693725585938],0.6427524089813232,Q,0.6427524089813232
122,5.0,[1.582493543624878 134.94154357910156 967.1709594726562 1046.2208251953125],0.569393515586853,[32.587711334228516 682.8865966796875 355.7686462402344 843.2905883789062],0.5036215782165527,B,0.5036215782165527
123,1.0,[0.0 201.08966064453125 1912.39501953125 1058.4595947265625],0.6905847787857056,[43.42806625366211 625.6203002929688 358.64385986328125 769.0574951171875],0.4861535131931305,Q,0.4861535131931305
123,5.0,[1.7948089838027954 138.45701599121094 937.6737060546875 1044.528076171875],0.6116746664047241,[29.331764221191406 659.0309448242188 364.1111145019531 837.1902465820312],0.3537004590034485,B,0.3537004590034485
124,1.0,[0.0 203.50634765625 1908.6114501953125 1058.83984375],0.7112542390823364,[42.111202239990234 619.02490234375 361.66046142578125 766.9649658203125],0.5213139057159424,G,0.5213139057159424
124,5.0,[1.9838414192199707 138.26145935058594 924.5977783203125 1043.0411376953125],0.6330791711807251,[34.31686782836914 686.48291015625 333.37432861328125 830.328857421875],0.2990919351577759,BI,0.2990919351577759
125,1.0,[1.5382182598114014 202.04457092285156 1906.5494384765625 1059.1217041015625],0.7541916966438293,[42.46699905395508 626.1087036132812 349.2669372558594 763.3442993164062],0.5741649270057678,B,0.5741649270057678
125,5.0,[1.1782773733139038 121.65764617919922 944.9523315429688 1025.45947265625],0.583876371383667,[25.260574340820312 692.9173583984375 357.5757751464844 852.4932861328125],0.5286210179328918,B,0.5286210179328918
126,1.0,[31.039630889892578 199.20046997070312 1896.2657470703125 1058.76025390625],0.7911906242370605,[14.684898376464844 625.9883422851562 316.1529235839844 765.5074462890625],0.6002761125564575,B,0.6002761125564575
126,5.0,[0.9448487162590027 118.57376098632812 947.1397705078125 1015.3627319335938],0.5637295246124268,[28.567703247070312 683.9004516601562 357.0308837890625 863.4262084960938],0.5142348408699036,G,0.5142348408699036
127,1.0,[44.330039978027344 198.17884826660156 1894.64697265625 1058.7955322265625],0.7879541516304016,[0.5257606506347656 633.220458984375 311.0683898925781 771.3931884765625],0.4443410336971283,Q,0.4443410336971283
127,5.0,[1.1998506784439087 117.9128646850586 948.863037109375 1010.5380859375],0.5695697665214539,[28.943462371826172 687.2266235351562 358.04241943359375 870.919921875],0.5638388991355896,B,0.5638388991355896
128,1.0,[52.40034484863281 200.23602294921875 1900.353515625 1060.4906005859375],0.7400956749916077,[0.0 626.489501953125 307.3397521972656 778.2913818359375],0.4341861307621002,B,0.4341861307621002
128,5.0,[1.1362186670303345 114.11439514160156 952.1083984375 1014.6474609375],0.6862189173698425,[30.798091888427734 690.871337890625 364.9811096191406 877.18994140625],0.4579956531524658,B,0.4579956531524658
129,1.0,[67.8499755859375 200.78358459472656 1900.82177734375 1059.9127197265625],0.7731073498725891,[0.0 631.2957763671875 293.5202941894531 765.8617553710938],0.35538414120674133,ID,0.35538414120674133
130,1.0,[92.00392150878906 202.1142578125 1887.389892578125 1059.755615234375],0.753013551235199,[3.554903745651245 641.048095703125 262.6432189941406 770.321533203125],0.4725613296031952,Q,0.4725613296031952
130,5.0,[1.4247450828552246 115.36866760253906 953.028076171875 1013.4913940429688],0.6285784244537354,[41.26166915893555 705.5146484375 349.7395935058594 855.12353515625],0.40957197546958923,B,0.40957197546958923
131,1.0,[65.25829315185547 201.3932342529297 1901.5167236328125 1052.486572265625],0.7600464224815369,[0.0 634.8042602539062 291.0928955078125 772.0852661132812],0.4200795888900757,B0,0.4200795888900757
131,5.0,[1.4364639520645142 115.12040710449219 954.468505859375 1012.7352905273438],0.6501522064208984,[38.00968551635742 697.77099609375 362.7464294433594 865.2888793945312],0.5767053365707397,B,0.5767053365707397
132,1.0,[42.41368865966797 200.68031311035156 1892.11083984375 1054.4896240234375],0.6854788064956665,[0.0 627.76025390625 318.1374206542969 778.4402465820312],0.38831114768981934,Q,0.38831114768981934
132,5.0,[1.6650234460830688 112.06261444091797 956.2535400390625 1011.9164428710938],0.6550512313842773,[39.886871337890625 704.513671875 354.076904296875 859.3909912109375],0.4939078390598297,Q,0.4939078390598297
133,1.0,[31.267562866210938 200.33555603027344 1888.0758056640625 1055.346923828125],0.6938004493713379,[6.94533634185791 623.6019897460938 322.6302795410156 775.5260009765625],0.3845670223236084,B,0.3845670223236084
134,1.0,[45.33811569213867 193.9192657470703 1866.9351806640625 1057.6383056640625],0.7104984521865845,[0.0 645.188232421875 319.6878356933594 781.4928588867188],0.5434741377830505,G,0.5434741377830505
134,5.0,[1.9797658920288086 105.39476776123047 957.621337890625 1010.723876953125],0.6672381162643433,[38.90319061279297 722.0228881835938 357.35711669921875 874.3237915039062],0.5071096420288086,D,0.5071096420288086
135,1.0,[15.999659538269043 197.0467987060547 1877.7022705078125 1059.3272705078125],0.6791589260101318,[20.794132232666016 628.8018798828125 340.88653564453125 780.377685546875],0.3385690748691559,B0,0.3385690748691559
135,5.0,[2.3702621459960938 102.30657958984375 989.043701171875 1010.2393798828125],0.6366020441055298,[35.48019790649414 722.799560546875 356.62591552734375 863.2406005859375],0.39172857999801636,W0,0.39172857999801636
136,1.0,[5.3112568855285645 199.38650512695312 1882.9342041015625 1061.1015625],0.6826813817024231,[31.420467376708984 639.0521240234375 333.05609130859375 772.6428833007812],0.38063740730285645,W01,0.38063740730285645
136,5.0,[2.4002277851104736 102.41089630126953 989.3042602539062 1009.30859375],0.6328874826431274,[42.91858673095703 734.0502319335938 341.03302001953125 858.9188232421875],0.439022034406662,B0,0.439022034406662
137,1.0,[2.5405490398406982 201.40008544921875 1888.21630859375 1061.96142578125],0.727813184261322,[10.977082252502441 630.3001098632812 347.97509765625 773.7898559570312],0.47095736861228943,WI,0.47095736861228943
137,5.0,[2.4821770191192627 101.15292358398438 996.5979614257812 1007.4843139648438],0.6718116998672485,[30.807167053222656 711.7343139648438 360.2254638671875 873.6318359375],0.3021339476108551,Q0,0.3021339476108551
138,1.0,[3.457451581954956 199.79812622070312 1898.5491943359375 1061.58544921875],0.7791039943695068,[18.235431671142578 642.6880493164062 322.73724365234375 765.1902465820312],0.31963425874710083,QI,0.31963425874710083
138,5.0,[2.1472768783569336 102.3390884399414 963.3374633789062 993.5678100585938],0.6741525530815125,[32.97626876831055 713.3362426757812 348.6302490234375 871.9561767578125],0.3498113751411438,WN,0.3498113751411438
139,1.0,[4.364461421966553 199.1096954345703 1902.5069580078125 1061.49609375],0.7764129042625427,[23.24797821044922 630.5165405273438 353.21795654296875 768.8784790039062],0.4268999397754669,Q0,0.4268999397754669
141,1.0,[13.755558013916016 201.16795349121094 1901.8026123046875 1058.0694580078125],0.8016563057899475,[0.0 548.6197509765625 361.6436462402344 826.4151000976562],0.2805398106575012,WI,0.2805398106575012
141,5.0,[1.893341302871704 102.16399383544922 959.0233154296875 1003.6064453125],0.7151952385902405,[31.837018966674805 695.0633544921875 368.54296875 878.486083984375],0.3680843710899353,WVTI,0.3680843710899353
142,1.0,[18.804431915283203 199.9095916748047 1902.675537109375 1057.1629638671875],0.7647967338562012,[27.462677001953125 629.9494018554688 347.36187744140625 782.605224609375],0.35882139205932617,WI,0.35882139205932617
142,5.0,[1.5366419553756714 104.15312957763672 950.7273559570312 989.2794799804688],0.7326858043670654,[31.58021354675293 709.4210815429688 361.1867980957031 875.1409912109375],0.32853278517723083,WI,0.32853278517723083
143,1.0,[20.06104850769043 200.5416717529297 1899.844970703125 1056.90576171875],0.672805666923523,[4.737075328826904 540.0877685546875 358.4719543457031 811.062744140625],0.3000273108482361,GIF,0.3000273108482361
144,1.0,[18.48110580444336 199.40977478027344 1892.1546630859375 1057.67333984375],0.7311054468154907,[29.89523696899414 639.5310668945312 345.8312683105469 768.4192504882812],0.30798450112342834,KJFI,0.30798450112342834
144,5.0,[1.0275683403015137 102.73159790039062 945.3091430664062 982.8526611328125],0.7143232226371765,[36.02814865112305 710.015380859375 366.0174560546875 876.2783813476562],0.5290655493736267,WJFI,0.5290655493736267
145,1.0,[21.20994758605957 198.62777709960938 1896.71533203125 1059.9693603515625],0.7239930033683777,[27.688800811767578 629.67724609375 342.3280944824219 773.6158447265625],0.2897215783596039,WJFI,0.2897215783596039
145,5.0,[1.202485203742981 102.77648162841797 944.5735473632812 979.6986083984375],0.7183356881141663,[39.06965637207031 701.594970703125 373.19012451171875 877.0],0.2787247598171234,GYJFI,0.2787247598171234
146,1.0,[26.89532470703125 197.088134765625 1904.633544921875 1058.75830078125],0.7715548276901245,[23.22184181213379 629.1172485351562 338.3517150878906 777.7318115234375],0.3411710560321808,WLLFIFI,0.3411710560321808
146,5.0,[1.10903799533844 102.57097625732422 945.2128295898438 967.0527954101562],0.6515928506851196,[37.82933044433594 692.8592529296875 373.3749084472656 865.0],0.34243902564048767,HJLLFIFI,0.34243902564048767
147,1.0,[33.9659538269043 195.19973754882812 1906.137939453125 1058.546142578125],0.700579822063446,[17.71919822692871 610.9429321289062 330.4616394042969 778.871826171875],0.3225425183773041,WIYIIIIIKFI,0.3225425183773041
148,1.0,[24.446239471435547 191.52633666992188 1907.85595703125 1057.662353515625],0.7440202236175537,[21.2363338470459 610.3502807617188 344.3138122558594 787.7852783203125],0.2896297872066498,WFYIIAIAFKFA,0.2896297872066498
148,5.0,[1.2292746305465698 103.31766510009766 951.0632934570312 966.905029296875],0.6013917326927185,[36.322792053222656 724.2178955078125 369.1391906738281 863.0],0.5098446607589722,MIIAIAFKFA,0.5098446607589722
149,1.0,[16.6743221282959 189.73402404785156 1909.68603515625 1057.590576171875],0.7625803351402283,[666.722412109375 226.22869873046875 1144.533447265625 450.107666015625],0.2786644399166107,B1,0.2786644399166107
150,1.0,[15.849377632141113 188.70999145507812 1912.0960693359375 1056.161865234375],0.8110663890838623,[2.5331075191497803 559.5086059570312 365.54852294921875 821.3825073242188],0.27492472529411316,WIFN1VAFFF11,0.27492472529411316
151,1.0,[15.995038032531738 188.52902221679688 1912.739990234375 1055.620361328125],0.8173315525054932,[1.8276863098144531 557.7734375 365.2430725097656 823.2967529296875],0.2925882935523987,WIFN1VAFFF11,0.2925882935523987
151,5.0,[1.4657756090164185 102.77848052978516 943.9493408203125 897.28955078125],0.5485587120056152,[2.303802490234375 644.1915893554688 366.99072265625 795.0],0.25547903776168823,YIIIIIIFIAAAIF,0.25547903776168823
152,5.0,[1.3035436868667603 102.69672393798828 946.8453979492188 959.4312133789062],0.5499659180641174,[38.89950180053711 725.4003295898438 355.55999755859375 857.0],0.5439925789833069,WFII11FFFF11,0.5439925789833069
154,1.0,[4.219149589538574 184.98426818847656 1915.9906005859375 1058.25048828125],0.7823852300643921,[21.325321197509766 559.2600708007812 374.6930236816406 816.3170776367188],0.27572619915008545,WFIIIJIAFFFI,0.27572619915008545
155,1.0,[3.214224100112915 183.23110961914062 1916.7659912109375 1057.759765625],0.7519503235816956,[18.360286712646484 562.7840576171875 382.00872802734375 823.6458129882812],0.25389188528060913,WRPIIIJIAFAFI,0.25389188528060913
156,1.0,[2.9763550758361816 182.40658569335938 1916.3902587890625 1057.419921875],0.7941440343856812,[52.70705032348633 651.6839599609375 352.0810241699219 782.9151000976562],0.40239229798316956,WIA111FFU111F1F,0.40239229798316956
157,1.0,[3.1700897216796875 181.87290954589844 1916.042236328125 1057.33349609375],0.7965658903121948,[34.5573844909668 597.9140014648438 366.7267150878906 801.8460083007812],0.2975110411643982,WKBILIAJLAIAIFAFF,0.2975110411643982
158,1.0,[1.964906930923462 180.89202880859375 1915.4521484375 1058.0450439453125],0.6821514368057251,[47.38969421386719 664.1283569335938 354.1883544921875 797.9093627929688],0.4504454731941223,WIUI1FAFL01FFL11FFI,0.4504454731941223
159,1.0,[3.0067801475524902 181.58499145507812 1917.5535888671875 1060.107421875],0.7224019765853882,[14.80632209777832 567.0684814453125 377.14251708984375 826.1636962890625],0.2578972280025482,MKU1FIFDIJIFAIAI,0.2578972280025482
160,1.0,[2.2676305770874023 179.54782104492188 1918.832763671875 1059.8583984375],0.7812933325767517,[46.67684555053711 664.4675903320312 351.8169250488281 797.1217651367188],0.38732555508613586,WIUIFIFL01NFNUF11FDY,0.38732555508613586
161,1.0,[2.6049294471740723 177.33807373046875 1919.4344482421875 1058.52587890625],0.8066031336784363,[49.9444694519043 669.1762084960938 347.6462097167969 796.6610717773438],0.47199317812919617,WUAEFFIHFL0FF1FFNFNUF1FJFQ,0.47199317812919617
162,1.0,[2.7489407062530518 177.35902404785156 1920.0 1058.2811279296875],0.7638083696365356,[49.324466705322266 672.060791015625 345.50714111328125 799.1535034179688],0.4941655099391937,WF0DIFFFIPFL0F1FFFNUVF1FJ1,0.4941655099391937
163,1.0,[2.934251070022583 177.32591247558594 1920.0 1058.345458984375],0.7663740515708923,[49.32574462890625 672.1134033203125 345.57470703125 799.119140625],0.4961094260215759,FF0DIFFFI1FL0F1FFFNUVFF1FJ1,0.4961094260215759
164,1.0,[2.864952802658081 176.80514526367188 1920.0 1058.1474609375],0.6938642859458923,[21.43504524230957 610.3041381835938 373.6271057128906 845.9146118164062],0.2723759412765503,WUI1DIFFFFHFIILIFFI3IAAAAIL,0.2723759412765503
165,1.0,[2.504399538040161 175.1807098388672 1920.0 1057.9512939453125],0.7296345233917236,[22.085477828979492 610.7290649414062 371.9012145996094 843.8271484375],0.26526838541030884,GUI1WFIEAIRAIFFHFIIDIIAFIJIFAIIL,0.26526838541030884
166,1.0,[2.8089590072631836 173.32244873046875 1919.587890625 1058.71240234375],0.7216192483901978,[21.33599090576172 612.9834594726562 372.3327331542969 848.091552734375],0.2938430607318878,WUI1WFFFNFIFFFLIIDI1AFUIFAIIL,0.2938430607318878
167,1.0,[2.584874391555786 174.24314880371094 1918.5198974609375 1059.3663330078125],0.7069934010505676,[24.82567024230957 615.158447265625 373.02734375 841.978271484375],0.28551173210144043,GF01WAFFINFIFMLFDIAAJAFAIIL,0.28551173210144043
168,1.0,[2.2312450408935547 172.95191955566406 1913.8165283203125 1061.317138671875],0.6926578283309937,[23.58331871032715 617.0371704101562 369.72491455078125 842.2523803710938],0.27163320779800415,EUU1LFIAFAFINAIFHLFCIAJAFAIIL,0.27163320779800415
169,1.0,[2.2377073764801025 172.67263793945312 1912.44580078125 1061.720947265625],0.6892925500869751,[23.6420841217041 616.849365234375 369.18048095703125 841.65283203125],0.2665308117866516,EFU1LFIAFAFINAFHLFLIAJAFAIIL,0.2665308117866516
170,1.0,[2.4869332313537598 174.38510131835938 1913.233642578125 1062.5516357421875],0.7286128997802734,[647.8377685546875 240.23402404785156 1188.3948974609375 475.2533264160156],0.2595776617527008,DFFUF,0.2595776617527008
171,1.0,[1.7647507190704346 171.54542541503906 1915.2640380859375 1061.852783203125],0.7085024118423462,[26.346040725708008 620.0264282226562 370.9928283691406 839.7914428710938],0.25011876225471497,HUI1LIIIIAIIFAFAKFJLICQFFFFALIL,0.25011876225471497
172,1.0,[1.7959606647491455 163.65383911132812 1883.9014892578125 1059.803466796875],0.6765096783638,[23.994972229003906 624.1300659179688 365.0662536621094 837.2288208007812],0.3265416622161865,KG01LIFFAIIIIGIILIDVFFFALIL,0.3265416622161865
173,1.0,[2.48433256149292 163.20651245117188 1845.61279296875 1060.445556640625],0.6709332466125488,[22.340734481811523 629.3248291015625 368.4114074707031 842.8517456054688],0.3329026997089386,GQI1LFIFIAIMRAFIMLIDVFFFALIL,0.3329026997089386
177,1.0,[2.043536424636841 151.68017578125 1896.943603515625 1056.3609619140625],0.5644762516021729,[45.992156982421875 676.0814208984375 349.8796081542969 834.1358032226562],0.5197095274925232,WTGFLF1FPB1IF1NI1FLL1FNU11F1,0.5197095274925232
178,1.0,[1.0702766180038452 147.84854125976562 1911.236572265625 1058.718505859375],0.5484691858291626,[53.93578338623047 684.645263671875 346.251708984375 822.5511474609375],0.6090205907821655,WYFFLFFA1FTFFF1F1NI1FLL1FNU1FD1F,0.6090205907821655
179,1.0,[1.1523301601409912 149.15953063964844 1896.134033203125 1058.1689453125],0.51396244764328,[20.605253219604492 642.7600708007812 369.4696350097656 863.5927734375],0.2594657838344574,FGIFIQ1FGFDFIFAIAFALIDIAFIFAFLL,0.2594657838344574
180,1.0,[1.2377219200134277 147.38148498535156 1911.918212890625 1058.0157470703125],0.5393087863922119,[51.53798294067383 678.3216552734375 350.6224060058594 821.752685546875],0.6044645309448242,NUFFLFFVTFA11WIM1FL01FNU11F1,0.6044645309448242
181,1.0,[1.4165065288543701 146.92713928222656 1917.89453125 1058.3463134765625],0.5245224237442017,[49.336952209472656 677.4898071289062 351.774658203125 820.8179321289062],0.5976875424385071,NUFFLFFVTFA11IMA1FL01FNFU11F1,0.5976875424385071
182,1.0,[2.3690996170043945 143.53485107421875 1920.0 1057.3770751953125],0.5985981822013855,[45.348915100097656 681.2652587890625 348.468505859375 827.9509887695312],0.5754094123840332,HUFFFLDFQTA1ANIM1FL01FNU11F1V,0.5754094123840332
183,1.0,[1.0651606321334839 132.96884155273438 1920.0 1054.2420654296875],0.6222488880157471,[50.65632629394531 697.2448120117188 347.11199951171875 843.9403686523438],0.5253542065620422,WYELDFPLAA1NI1FL01FLU11F1,0.5253542065620422
184,1.0,[1.0140858888626099 133.26280212402344 1890.468017578125 1054.4515380859375],0.6123707890510559,[45.49318313598633 692.8699340820312 353.13848876953125 847.2661743164062],0.5822263360023499,WKKLFYVAA1NI1FLL1FLU11F1,0.5822263360023499
185,1.0,[0.3080103099346161 126.16873168945312 1866.0225830078125 1054.4686279296875],0.5725423693656921,[23.4349422454834 683.5799560546875 380.5244140625 898.5758056640625],0.26682132482528687,FEFIR1GDRANIFLIDIAFIFAFLL,0.26682132482528687
188,1.0,[22.25193214416504 137.80799865722656 1907.328369140625 1057.24462890625],0.5781990885734558,[18.01457977294922 695.728271484375 327.6842041015625 834.1334838867188],0.3071647882461548,CFIFY1AA1IN1FLL1FL1FD1,0.3071647882461548
191,1.0,[9.805702209472656 127.29900360107422 1683.6884765625 1057.658935546875],0.525979220867157,[42.19933319091797 708.3524169921875 336.8133239746094 844.3786010742188],0.5333212614059448,KFLFY1AA11IN1FL01HL1FD1,0.5333212614059448
240,6.0,[1684.9617919921875 280.29058837890625 1918.9033203125 1067.388916015625],0.7668073177337646,[159.01718139648438 605.2552490234375 234.0 730.7830810546875],0.30600354075431824,Z,0.30600354075431824
241,6.0,[1683.8624267578125 280.6437072753906 1919.212158203125 1067.5433349609375],0.7630136609077454,[159.0685272216797 601.2161254882812 235.7909393310547 733.0278930664062],0.3024576008319855,G,0.3024576008319855
252,6.0,[1647.0177001953125 275.9729309082031 1919.243896484375 1064.9217529296875],0.8744579553604126,[169.92955017089844 625.0526123046875 271.6227722167969 786.9302978515625],0.28664782643318176,F,0.28664782643318176
253,6.0,[1645.169189453125 275.3819580078125 1919.630126953125 1064.414306640625],0.873836100101471,[170.93463134765625 614.7637329101562 273.5495300292969 769.4127807617188],0.25686919689178467,G,0.25686919689178467
263,6.0,[1610.25244140625 273.625244140625 1919.0999755859375 1068.9754638671875],0.9138522744178772,[187.3391571044922 632.4595336914062 309.0 790.94580078125],0.25260990858078003,W,0.25260990858078003
265,6.0,[1606.8277587890625 274.0356140136719 1919.5596923828125 1068.945556640625],0.9065239429473877,[187.5487060546875 631.3938598632812 313.0 787.583984375],0.321063756942749,G,0.321063756942749
266,6.0,[1603.5396728515625 274.13641357421875 1919.3167724609375 1068.8785400390625],0.9115003347396851,[191.67523193359375 628.5093994140625 316.0 769.2463989257812],0.467663437128067,W,0.467663437128067
268,6.0,[1595.9432373046875 274.3088073730469 1919.26806640625 1069.059326171875],0.9080867767333984,[193.9303436279297 636.3906860351562 324.0 773.6207275390625],0.2618459463119507,G,0.2618459463119507
269,6.0,[1591.169921875 273.95654296875 1919.1920166015625 1068.5736083984375],0.9052486419677734,[196.27923583984375 637.8153686523438 328.0 778.2626342773438],0.2591151297092438,W,0.2591151297092438
270,6.0,[1585.4554443359375 274.03253173828125 1919.1707763671875 1067.689453125],0.9030282497406006,[198.30441284179688 635.5933837890625 334.0 781.7467651367188],0.2690964341163635,S,0.2690964341163635
271,6.0,[1583.924560546875 273.84661865234375 1919.7850341796875 1067.445068359375],0.9030482769012451,[198.5575408935547 636.4490966796875 336.0 782.6054077148438],0.2695871591567993,S,0.2695871591567993
272,6.0,[1580.6875 273.7876281738281 1919.5020751953125 1067.2041015625],0.8969867825508118,[200.14913940429688 636.2816162109375 339.0 784.4193725585938],0.28877371549606323,E,0.28877371549606323
273,6.0,[1575.9681396484375 272.9504699707031 1919.3970947265625 1067.6708984375],0.8987412452697754,[203.84153747558594 636.5947875976562 344.0 787.17529296875],0.33940204977989197,W,0.33940204977989197
274,1.0,[0.20296064019203186 84.51141357421875 1772.02294921875 1063.4801025390625],0.5010538101196289,[50.26999282836914 754.3466796875 354.572998046875 901.6234130859375],0.3730758726596832,D,0.3730758726596832
274,6.0,[1569.9217529296875 271.49700927734375 1919.3380126953125 1067.1209716796875],0.9005594849586487,[208.4952392578125 638.4653930664062 350.0 788.8719482421875],0.36789992451667786,E,0.36789992451667786
275,6.0,[1565.1884765625 270.6101379394531 1919.299560546875 1067.1678466796875],0.903522253036499,[209.15306091308594 638.5946044921875 354.0 790.5759887695312],0.4525794982910156,G,0.4525794982910156
276,1.0,[0.0 85.11396789550781 1801.9825439453125 1063.112548828125],0.5222235918045044,[51.26367950439453 750.6701049804688 358.58734130859375 903.81494140625],0.4906992018222809,G,0.4906992018222809
276,6.0,[1561.0771484375 269.71307373046875 1919.4002685546875 1066.830322265625],0.8950694799423218,[213.70916748046875 639.60693359375 358.0 772.7388916015625],0.5948024988174438,G,0.5948024988174438
277,1.0,[0.0 85.39339447021484 1800.7713623046875 1063.2335205078125],0.5036448836326599,[51.40541458129883 750.2197875976562 358.4981994628906 903.52197265625],0.48695820569992065,G,0.48695820569992065
277,6.0,[1560.1290283203125 269.26556396484375 1920.0 1066.72607421875],0.8957386016845703,[217.2716522216797 644.7013549804688 360.0 765.5230712890625],0.2918649911880493,G,0.2918649911880493
278,1.0,[0.0 85.38957214355469 1795.9544677734375 1066.0350341796875],0.5229233503341675,[51.04751968383789 750.4798583984375 358.6917419433594 908.455810546875],0.4880288541316986,G,0.4880288541316986
278,6.0,[1558.2032470703125 270.2106018066406 1919.7884521484375 1066.61962890625],0.9023540616035461,[215.5971221923828 642.3408203125 361.0 773.85009765625],0.2522243559360504,W,0.2522243559360504
280,1.0,[1.076779842376709 82.58052062988281 1812.210693359375 1067.2376708984375],0.6167658567428589,[44.534934997558594 751.377197265625 361.4798583984375 911.646240234375],0.371688574552536,E,0.371688574552536
281,1.0,[3.0099079608917236 80.53179168701172 1784.499755859375 1066.239013671875],0.5837019085884094,[43.610477447509766 754.3477172851562 352.5807189941406 909.8230590820312],0.3826299011707306,B,0.3826299011707306
282,1.0,[1.1658687591552734 79.11492919921875 1749.9927978515625 1067.7213134765625],0.5722893476486206,[46.50788879394531 754.1780395507812 358.07830810546875 903.5272827148438],0.4711972177028656,Q,0.4711972177028656
283,1.0,[0.39692842960357666 78.42988586425781 1732.7479248046875 1068.5289306640625],0.5833693146705627,[50.76940155029297 752.6079711914062 355.95794677734375 908.58984375],0.4192819595336914,Q,0.4192819595336914
284,1.0,[3.011099100112915 77.38778686523438 1781.1357421875 1066.1971435546875],0.6435841917991638,[41.852203369140625 756.5650634765625 351.8504943847656 911.4782104492188],0.5048967599868774,Q,0.5048967599868774
285,1.0,[4.168859481811523 75.39776611328125 1790.797607421875 1064.03955078125],0.694649338722229,[679.3475341796875 333.2533874511719 1152.12548828125 565.9378662109375],0.3360760509967804,W,0.3360760509967804
285,6.0,[1534.4224853515625 264.3297424316406 1919.6031494140625 1067.937744140625],0.8885267972946167,[214.17298889160156 648.8440551757812 385.0 784.014892578125],0.2741442918777466,W,0.2741442918777466
286,1.0,[4.800533294677734 74.22393798828125 1833.2216796875 1061.2845458984375],0.658020555973053,[45.9139289855957 760.4597778320312 354.2630920410156 912.77294921875],0.42592108249664307,F,0.42592108249664307
286,6.0,[1530.286376953125 262.9254150390625 1918.8779296875 1068.4832763671875],0.8784300088882446,[215.32659912109375 651.5027465820312 388.0 786.997314453125],0.33743444085121155,W,0.33743444085121155
287,1.0,[5.093599796295166 73.28221893310547 1830.47802734375 1059.132568359375],0.6978673934936523,[1726.9078369140625 816.0897216796875 1825.0 963.4236450195312],0.25569266080856323,C,0.25569266080856323
288,1.0,[5.473763465881348 73.46660614013672 1828.487060546875 1057.9971923828125],0.652103841304779,[1724.3182373046875 814.7830200195312 1823.0 962.8033447265625],0.26370397210121155,Z,0.26370397210121155
289,1.0,[5.5301194190979 73.53721618652344 1826.43310546875 1057.6966552734375],0.6560966968536377,[40.8636589050293 766.2063598632812 346.29046630859375 915.5545043945312],0.30388927459716797,D,0.30388927459716797
289,6.0,[1519.0462646484375 261.9452819824219 1919.1724853515625 1068.89404296875],0.8839008808135986,[217.22442626953125 651.9974975585938 400.0 798.24267578125],0.4330403506755829,G,0.4330403506755829
290,1.0,[5.330698490142822 72.3094482421875 1824.01318359375 1058.827392578125],0.6552373766899109,[755.984619140625 344.11456298828125 1163.382080078125 559.6253051757812],0.2545638382434845,W,0.2545638382434845
290,6.0,[1511.65966796875 259.66973876953125 1918.6923828125 1068.737548828125],0.8598455190658569,[240.69619750976562 660.87353515625 407.0 780.1829833984375],0.39930564165115356,M,0.39930564165115356
291,1.0,[5.052719593048096 72.46192169189453 1782.9617919921875 1057.7222900390625],0.6487371921539307,[42.66310501098633 761.3141479492188 352.4249267578125 903.109619140625],0.3706918954849243,G,0.3706918954849243
291,6.0,[1505.0299072265625 258.1193542480469 1918.5283203125 1068.7867431640625],0.8744186758995056,[243.6432342529297 662.13818359375 413.0 781.9210815429688],0.4062804877758026,W,0.4062804877758026
292,1.0,[4.9831390380859375 70.01732635498047 1669.7445068359375 1058.5797119140625],0.6145471334457397,[45.9472541809082 764.1273193359375 349.5373840332031 910.5112915039062],0.3659804165363312,Q,0.3659804165363312
292,6.0,[1501.423095703125 258.22589111328125 1918.5211181640625 1069.3133544921875],0.8870720863342285,[243.03273010253906 661.1299438476562 417.0 788.6920166015625],0.3513014614582062,W,0.3513014614582062
293,6.0,[1498.67431640625 258.5928039550781 1918.532470703125 1069.16650390625],0.8931815028190613,[236.1771697998047 661.4368896484375 420.0 784.7318115234375],0.3651795983314514,M,0.3651795983314514
294,1.0,[4.2845563888549805 62.44255828857422 1556.414306640625 1062.137451171875],0.7060564756393433,[690.36572265625 346.886962890625 1246.094482421875 588.7896728515625],0.26391133666038513,W,0.26391133666038513
294,6.0,[1495.0665283203125 258.9226379394531 1918.571533203125 1069.024169921875],0.9014011025428772,[234.69921875 659.3555908203125 423.0 789.6744995117188],0.3327411115169525,W,0.3327411115169525
295,1.0,[4.002659797668457 60.48102951049805 1542.3856201171875 1062.000732421875],0.6990700364112854,[41.72939682006836 771.3892211914062 349.3991394042969 921.2817993164062],0.33713939785957336,B,0.33713939785957336
295,6.0,[1494.3543701171875 259.2316589355469 1919.236572265625 1069.1754150390625],0.901612401008606,[235.07891845703125 658.1235961914062 425.0 789.3385620117188],0.38306957483291626,W,0.38306957483291626
296,6.0,[1488.1414794921875 261.7328796386719 1918.7598876953125 1068.83154296875],0.9114862680435181,[239.38265991210938 656.3950805664062 430.0 787.8355102539062],0.39013028144836426,W,0.39013028144836426
297,1.0,[3.301112651824951 57.298824310302734 1550.118408203125 1062.5223388671875],0.6695587635040283,[45.9849853515625 772.2437133789062 351.1130676269531 925.030517578125],0.4477541744709015,Q,0.4477541744709015
297,6.0,[1480.905029296875 262.3482666015625 1918.580078125 1068.9110107421875],0.9141724109649658,[253.90554809570312 655.6184692382812 437.40936279296875 788.0088500976562],0.5222131013870239,W,0.5222131013870239
298,6.0,[1472.5802001953125 260.742919921875 1918.451171875 1068.4134521484375],0.9081161022186279,[260.8064880371094 658.630615234375 442.6953430175781 781.8667602539062],0.4944252073764801,W,0.4944252073764801
299,6.0,[1465.913818359375 260.19366455078125 1918.3922119140625 1068.06787109375],0.9125379323959351,[264.37127685546875 658.9613647460938 446.5434875488281 781.7040405273438],0.49075886607170105,W,0.49075886607170105
300,6.0,[1460.6844482421875 257.5753479003906 1918.373291015625 1068.2259521484375],0.9077149629592896,[266.5033264160156 662.1166381835938 456.40802001953125 790.52783203125],0.516038715839386,G,0.516038715839386
301,6.0,[1458.9776611328125 256.2662353515625 1919.1173095703125 1068.2467041015625],0.9054246544837952,[267.7554016113281 662.6536254882812 454.5652160644531 790.2940673828125],0.5149067640304565,W,0.5149067640304565
302,6.0,[1454.608642578125 255.41355895996094 1918.609375 1068.0888671875],0.9097260236740112,[269.2957458496094 662.8819580078125 464.0 796.511962890625],0.5228634476661682,M,0.5228634476661682
302,9.0,[0.0 59.893218994140625 1626.549560546875 1055.3675537109375],0.5432934761047363,[52.354373931884766 780.405029296875 355.1781005859375 916.5796508789062],0.44286981225013733,Q,0.44286981225013733
303,6.0,[1451.7308349609375 254.41297912597656 1918.4620361328125 1068.2857666015625],0.8915604948997498,[269.2801818847656 664.9981079101562 467.0 802.9335327148438],0.49006813764572144,W,0.49006813764572144
304,6.0,[1445.8447265625 255.48263549804688 1918.4237060546875 1067.69140625],0.9006848931312561,[265.7291259765625 662.6616821289062 473.0 803.0216674804688],0.5412523150444031,E,0.5412523150444031
305,6.0,[1440.7978515625 256.06341552734375 1918.4114990234375 1067.85693359375],0.8967477679252625,[268.2431335449219 661.9872436523438 478.0 801.2394409179688],0.5343778133392334,W,0.5343778133392334
306,6.0,[1435.7188720703125 258.1686706542969 1918.452392578125 1067.7891845703125],0.9112640023231506,[270.7705078125 658.6102905273438 483.0 799.7474975585938],0.6261433959007263,W,0.6261433959007263
306,9.0,[0.0 54.84980392456055 1650.62060546875 1055.637451171875],0.5181916952133179,[692.1621704101562 364.6052551269531 1182.5623779296875 592.5930786132812],0.2930258810520172,G,0.2930258810520172
307,6.0,[1434.4407958984375 258.9915771484375 1919.1611328125 1067.93310546875],0.9118249416351318,[273.5259704589844 657.6090698242188 485.0 801.1705932617188],0.6280876994132996,W,0.6280876994132996
307,9.0,[0.544184684753418 54.120052337646484 1657.7476806640625 1054.7061767578125],0.5258451104164124,[690.7144775390625 371.344970703125 1153.256591796875 590.5740966796875],0.2729921042919159,I,0.2729921042919159
308,6.0,[1431.0753173828125 259.5950622558594 1918.75830078125 1068.23974609375],0.9098007678985596,[266.6556091308594 662.3532104492188 487.0 798.416748046875],0.5427232980728149,W,0.5427232980728149
308,9.0,[0.7127761244773865 52.044227600097656 1640.5634765625 1052.1458740234375],0.5639742016792297,[47.73173522949219 788.8140869140625 359.08331298828125 919.6478271484375],0.36953073740005493,Q,0.36953073740005493
309,6.0,[1425.54833984375 260.46759033203125 1918.5164794921875 1067.4508056640625],0.9017063975334167,[268.9570007324219 660.42724609375 493.0 797.3467407226562],0.5382606983184814,W,0.5382606983184814
309,9.0,[1.278610110282898 47.013587951660156 1681.87744140625 1051.732421875],0.5205389261245728,[39.40899658203125 784.5352172851562 355.1140441894531 935.3370361328125],0.4043601453304291,H,0.4043601453304291
310,6.0,[1420.1483154296875 259.4667663574219 1918.481201171875 1066.756103515625],0.9144855737686157,[270.21661376953125 662.7286987304688 498.0 794.7078857421875],0.5048279166221619,Q,0.5048279166221619
311,6.0,[1415.7509765625 258.5694274902344 1918.506591796875 1065.9617919921875],0.9176246523857117,[271.8666687011719 664.4591064453125 501.25079345703125 794.9556884765625],0.46344447135925293,W,0.46344447135925293
312,6.0,[1410.7012939453125 258.21441650390625 1918.53076171875 1066.0604248046875],0.9158898591995239,[276.1112060546875 665.2960205078125 503.5460510253906 796.4714965820312],0.4870530962944031,W,0.4870530962944031
313,6.0,[1409.3963623046875 257.8802185058594 1919.2508544921875 1066.1029052734375],0.9150014519691467,[267.88031005859375 665.9842529296875 501.19366455078125 797.3606567382812],0.49722856283187866,W,0.49722856283187866
314,6.0,[1406.6566162109375 258.4458923339844 1918.700927734375 1066.109619140625],0.9128115177154541,[268.90374755859375 663.9757690429688 512.0 799.1788330078125],0.46352893114089966,W,0.46352893114089966
315,6.0,[1401.6868896484375 259.3914489746094 1918.5010986328125 1065.703369140625],0.9016703367233276,[267.6009521484375 663.4603271484375 516.1033325195312 797.1619262695312],0.46710672974586487,G,0.46710672974586487
316,6.0,[1394.993896484375 259.18328857421875 1918.3846435546875 1066.09033203125],0.9022214412689209,[272.12738037109375 656.420654296875 524.0 807.0],0.6247949600219727,W,0.6247949600219727
317,6.0,[1391.224365234375 258.5851745605469 1918.464599609375 1066.93408203125],0.914530336856842,[270.2051086425781 663.89501953125 527.0 800.0714721679688],0.47203513979911804,G,0.47203513979911804
318,6.0,[1386.6158447265625 258.1509704589844 1918.4947509765625 1067.293212890625],0.9266437292098999,[276.1793212890625 665.3530883789062 532.0 800.626708984375],0.49016910791397095,W,0.49016910791397095
319,6.0,[1385.48876953125 257.897705078125 1919.2239990234375 1067.50830078125],0.9261828064918518,[275.74249267578125 666.4387817382812 534.0 801.6893310546875],0.475093811750412,W,0.475093811750412
320,6.0,[1383.4346923828125 256.9548034667969 1918.760986328125 1067.1146240234375],0.9292973279953003,[274.31329345703125 667.6004638671875 535.0 803.7476196289062],0.5277504324913025,G,0.5277504324913025
321,6.0,[1381.262451171875 256.57177734375 1918.537353515625 1067.2005615234375],0.9295504093170166,[277.2862548828125 666.8300170898438 537.0 808.009765625],0.6057580709457397,E,0.6057580709457397
322,6.0,[1379.6640625 255.80821228027344 1918.5006103515625 1067.0870361328125],0.9359363913536072,[285.8466491699219 669.6979370117188 539.0 804.2742919921875],0.6020216345787048,M,0.6020216345787048
323,6.0,[1374.5654296875 255.5446319580078 1918.5518798828125 1066.90283203125],0.9311076998710632,[289.4765930175781 670.1986083984375 544.0 804.060302734375],0.6144500970840454,Z,0.6144500970840454
324,6.0,[1370.6904296875 254.9349365234375 1918.5684814453125 1067.125244140625],0.9264966249465942,[292.5614929199219 672.957275390625 548.0 806.073486328125],0.5936698913574219,W,0.5936698913574219
325,6.0,[1369.6715087890625 254.36276245117188 1919.2950439453125 1067.221435546875],0.9270644187927246,[293.1306457519531 672.6171875 550.0 806.4851684570312],0.5928995013237,G,0.5928995013237
326,6.0,[1365.3114013671875 255.08468627929688 1918.77734375 1067.4840087890625],0.9261142611503601,[291.925537109375 671.7484741210938 553.0 812.0],0.6050449013710022,G,0.6050449013710022
327,6.0,[1364.767333984375 254.73707580566406 1918.5401611328125 1067.279052734375],0.9292319416999817,[293.3892517089844 673.6015014648438 554.0 807.2472534179688],0.5971724390983582,W,0.5971724390983582
328,6.0,[1349.9586181640625 254.68226623535156 1918.3533935546875 1066.747802734375],0.913012683391571,[298.1224060058594 671.8082885742188 569.0 812.0],0.6971107125282288,G,0.6971107125282288
329,6.0,[1346.5791015625 254.29815673828125 1918.308349609375 1066.7271728515625],0.9154384136199951,[292.39996337890625 673.85400390625 572.0 812.0],0.6381452083587646,G,0.6381452083587646
330,6.0,[1332.2269287109375 254.3190460205078 1918.3494873046875 1065.721435546875],0.9008181691169739,[297.17864990234375 673.0372314453125 586.0 811.0],0.6278018355369568,G,0.6278018355369568
331,6.0,[1327.251220703125 253.97120666503906 1919.207275390625 1065.4403076171875],0.9004333019256592,[298.1508483886719 674.6996459960938 592.0 812.0],0.5899136662483215,E,0.5899136662483215
332,6.0,[1326.4571533203125 252.5362091064453 1918.7205810546875 1065.3572998046875],0.8963478207588196,[300.8641357421875 674.7857055664062 592.0 813.0],0.6350005269050598,G,0.6350005269050598
333,6.0,[1327.3095703125 251.24476623535156 1918.599853515625 1065.062255859375],0.9093355536460876,[299.49578857421875 677.8758544921875 591.0 814.0],0.6376633644104004,W,0.6376633644104004
334,6.0,[1328.837646484375 250.94998168945312 1918.5006103515625 1065.4256591796875],0.9032601714134216,[304.8998718261719 681.6634521484375 590.0 815.0],0.5258046984672546,G,0.5258046984672546
335,6.0,[1330.318359375 249.51519775390625 1918.668701171875 1066.002685546875],0.9055684804916382,[295.5881042480469 683.5565185546875 588.0 817.0],0.5844008326530457,E,0.5844008326530457
336,6.0,[1323.7440185546875 251.5597686767578 1918.5958251953125 1066.3441162109375],0.9085862636566162,[301.67431640625 683.2286376953125 591.9295654296875 815.0],0.595388650894165,W,0.595388650894165
337,6.0,[1321.220703125 248.91502380371094 1919.60888671875 1066.00830078125],0.9080442190170288,[305.6090087890625 685.2456665039062 597.1242065429688 818.0],0.605933427810669,G,0.605933427810669
338,6.0,[1317.30908203125 251.00025939941406 1918.9281005859375 1066.4300537109375],0.9170657992362976,[302.6835632324219 685.3890380859375 591.9281616210938 815.0],0.5672004222869873,E,0.5672004222869873
339,6.0,[1315.0068359375 252.40853881835938 1918.6973876953125 1066.01708984375],0.9147133231163025,[301.8882751464844 686.5922241210938 594.6195678710938 814.0],0.5620218515396118,Q,0.5620218515396118
340,6.0,[1310.4681396484375 250.33895874023438 1918.80224609375 1065.8197021484375],0.9198755025863647,[297.694091796875 689.2423706054688 602.7391357421875 815.0],0.6117328405380249,W,0.6117328405380249
341,6.0,[1307.9534912109375 249.25193786621094 1918.8524169921875 1066.0755615234375],0.9210889935493469,[291.75799560546875 687.7537841796875 611.0 817.0],0.6956723928451538,G,0.6956723928451538
342,6.0,[1302.4034423828125 249.33328247070312 1918.88916015625 1066.28759765625],0.9194871187210083,[295.53826904296875 691.8110961914062 609.1122436523438 817.0],0.560052216053009,W,0.560052216053009
343,6.0,[1300.7781982421875 249.17002868652344 1919.73291015625 1066.5806884765625],0.918938398361206,[297.0988464355469 691.583984375 616.0827026367188 817.0],0.5178326964378357,M,0.5178326964378357
344,6.0,[1297.7098388671875 248.6648712158203 1919.2442626953125 1066.9622802734375],0.9235144853591919,[301.52264404296875 692.4081420898438 612.2769775390625 818.0],0.5267595648765564,G,0.5267595648765564
345,6.0,[1296.0234375 249.5485076904297 1919.004638671875 1066.8018798828125],0.9143034815788269,[303.2520446777344 691.5558471679688 619.9547729492188 817.0],0.5312760472297668,G,0.5312760472297668
346,6.0,[1292.8699951171875 250.5967559814453 1918.875 1067.109619140625],0.9167899489402771,[305.75140380859375 692.0042114257812 617.9629516601562 817.0],0.5302547812461853,W,0.5302547812461853
347,6.0,[1289.2237548828125 253.28451538085938 1918.846923828125 1067.3770751953125],0.9161651730537415,[310.4931945800781 693.2484130859375 616.9664306640625 814.0],0.4935827851295471,M,0.4935827851295471
348,6.0,[1285.274658203125 253.7834930419922 1918.7393798828125 1067.79443359375],0.9191548824310303,[293.30419921875 693.8119506835938 609.7282104492188 814.0],0.5266252160072327,W,0.5266252160072327
349,6.0,[1284.4180908203125 253.64138793945312 1919.5860595703125 1067.8577880859375],0.9194315075874329,[312.210205078125 695.4058837890625 619.7237548828125 814.0],0.5073619484901428,M,0.5073619484901428
350,6.0,[1282.7791748046875 255.22406005859375 1918.920166015625 1068.3165283203125],0.9148662686347961,[310.5694274902344 693.072265625 626.0172119140625 813.0],0.548346221446991,W,0.548346221446991
351,6.0,[1278.7301025390625 256.3685607910156 1918.4288330078125 1069.0435791015625],0.9239497184753418,[309.4888916015625 692.4548950195312 626.7779541015625 813.0],0.5668520331382751,M,0.5668520331382751
352,6.0,[1277.2159423828125 259.06951904296875 1918.7822265625 1069.22314453125],0.9228085279464722,[284.79559326171875 689.5535278320312 624.33544921875 810.0],0.5400861501693726,G,0.5400861501693726
353,1.0,[5.1016316413879395 9.043540954589844 1232.6639404296875 1044.5858154296875],0.5877571105957031,[981.2797241210938 107.87090301513672 1224.90576171875 291.31378173828125],0.2947949767112732,B,0.2947949767112732
353,6.0,[1275.0177001953125 258.635498046875 1918.9520263671875 1069.1478271484375],0.915142297744751,[283.5699157714844 691.5601196289062 616.534423828125 811.0],0.508371114730835,G,0.508371114730835
354,6.0,[1270.2666015625 256.46209716796875 1918.7802734375 1070.367919921875],0.910228967666626,[284.10198974609375 693.4469604492188 616.7031860351562 814.0],0.6219096779823303,W,0.6219096779823303
355,6.0,[1269.14111328125 255.53233337402344 1919.4007568359375 1071.0146484375],0.9093711376190186,[284.1043395996094 693.293212890625 632.6448974609375 816.0],0.630658745765686,W,0.630658745765686
356,6.0,[1266.740966796875 253.90147399902344 1918.831298828125 1070.79443359375],0.9232435822486877,[290.0679016113281 697.8939819335938 623.4813842773438 817.0],0.656955361366272,M,0.656955361366272
357,6.0,[1265.1129150390625 252.3757781982422 1918.941162109375 1070.065185546875],0.9265017509460449,[297.2978515625 699.283203125 630.6159057617188 818.0],0.6761800050735474,M,0.6761800050735474
358,6.0,[1261.9349365234375 251.69056701660156 1918.9730224609375 1069.55029296875],0.9272661805152893,[298.64056396484375 703.8570556640625 633.6953125 818.0],0.6306717395782471,W,0.6306717395782471
359,6.0,[1258.447265625 251.30172729492188 1918.9176025390625 1070.0032958984375],0.9245308637619019,[300.77294921875 705.8896484375 637.8627319335938 819.0],0.579065203666687,G,0.579065203666687
360,6.0,[1255.1309814453125 252.4413604736328 1918.73095703125 1071.0419921875],0.9251694083213806,[303.2413635253906 705.8491821289062 641.9503173828125 819.0],0.5066540837287903,G,0.5066540837287903
361,6.0,[1254.301025390625 252.53985595703125 1919.4111328125 1071.278076171875],0.9255437254905701,[304.2253112792969 705.8516845703125 644.5955200195312 819.0],0.4801174998283386,Q,0.4801174998283386
362,6.0,[1249.6727294921875 252.6260528564453 1919.0426025390625 1071.296630859375],0.9180038571357727,[308.3915710449219 708.376708984375 645.4871215820312 819.0],0.4998997747898102,W,0.4998997747898102
363,6.0,[1245.31884765625 252.36354064941406 1919.0179443359375 1070.10986328125],0.9274957180023193,[311.1405944824219 711.31201171875 641.570556640625 818.0],0.563904345035553,G,0.563904345035553
364,6.0,[1241.5308837890625 252.22967529296875 1919.25244140625 1070.0677490234375],0.9281867146492004,[311.645751953125 711.543701171875 644.388427734375 818.0],0.5457106232643127,G,0.5457106232643127
365,6.0,[1236.8603515625 253.25462341308594 1919.4066162109375 1069.0242919921875],0.9226277470588684,[316.2306213378906 711.4043579101562 645.8613891601562 816.0],0.5770745277404785,G,0.5770745277404785
366,6.0,[1233.2984619140625 253.43577575683594 1919.3892822265625 1068.08251953125],0.9250833988189697,[312.09228515625 713.5560913085938 614.9500122070312 815.0],0.633908748626709,G,0.633908748626709
367,6.0,[1232.7354736328125 253.32728576660156 1920.0 1067.8687744140625],0.9251492619514465,[319.8207702636719 713.7425537109375 622.6145629882812 814.0],0.6531236171722412,G,0.6531236171722412
368,6.0,[1231.0286865234375 252.52035522460938 1919.9398193359375 1068.3076171875],0.9185881018638611,[315.8782043457031 716.1549072265625 623.3373413085938 816.0],0.658051609992981,G,0.658051609992981
369,6.0,[1227.0621337890625 252.2351531982422 1919.8818359375 1068.455810546875],0.9192174077033997,[302.1732482910156 716.7786254882812 613.2033081054688 816.0],0.6611331701278687,W,0.6611331701278687
